{"cameraMode":{"drawMode":0,"name":"Shaded","section":"Shading Mode"},"sceneLighting":false,"audioPlay":false,"sceneViewState":{"m_AlwaysRefresh":false,"showFog":true,"showSkybox":false,"showFlares":true,"showImageEffects":true,"showParticleSystems":true,"showVisualEffectGraphs":true,"m_FxEnabled":false},"in2DMode":false,"pivot":{"x":0.0009905099868774415,"y":0.8423871994018555,"z":0.0035606026649475099},"rotation":{"x":-0.15081650018692017,"y":-0.010822907090187073,"z":0.0016325896140187979,"w":-0.9885066151618958},"size":1.1314905881881714,"orthographic":false}