{"cameraMode":{"drawMode":0,"name":"Shaded","section":"Shading Mode"},"sceneLighting":true,"audioPlay":false,"sceneViewState":{"m_AlwaysRefresh":false,"showFog":true,"showSkybox":true,"showFlares":true,"showImageEffects":true,"showParticleSystems":true,"showVisualEffectGraphs":true,"m_FxEnabled":true},"in2DMode":false,"pivot":{"x":-3.6147682666778566,"y":-15.853642463684082,"z":41.487918853759769},"rotation":{"x":-0.2176138311624527,"y":-0.017338529229164125,"z":0.003845787839964032,"w":-0.9758798480033875},"size":23.74443817138672,"orthographic":false}