{"cameraMode":{"drawMode":0,"name":"Shaded","section":"Shading Mode"},"sceneLighting":true,"audioPlay":false,"sceneViewState":{"m_AlwaysRefresh":false,"showFog":true,"showSkybox":true,"showFlares":true,"showImageEffects":true,"showParticleSystems":true,"showVisualEffectGraphs":true,"m_FxEnabled":false},"in2DMode":false,"pivot":{"x":354.4464111328125,"y":63.409969329833987,"z":8.943805694580079},"rotation":{"x":-0.15081650018692017,"y":-0.010822907090187073,"z":0.0016325896140187979,"w":-0.9885066151618958},"size":21.852863311767579,"orthographic":false}