{"cameraMode":{"drawMode":0,"name":"Shaded","section":"Shading Mode"},"sceneLighting":false,"audioPlay":false,"sceneViewState":{"m_AlwaysRefresh":false,"showFog":true,"showSkybox":false,"showFlares":true,"showImageEffects":true,"showParticleSystems":true,"showVisualEffectGraphs":true,"m_FxEnabled":false},"in2DMode":false,"pivot":{"x":-26.90678596496582,"y":-20.60922622680664,"z":24.9035587310791},"rotation":{"x":-0.15081650018692017,"y":-0.010822907090187073,"z":0.0016325896140187979,"w":-0.9885066151618958},"size":1.1314902305603028,"orthographic":false}