{"cameraMode":{"drawMode":0,"name":"Shaded","section":"Shading Mode"},"sceneLighting":false,"audioPlay":false,"sceneViewState":{"m_AlwaysRefresh":false,"showFog":true,"showSkybox":false,"showFlares":true,"showImageEffects":true,"showParticleSystems":true,"showVisualEffectGraphs":true,"m_FxEnabled":false},"in2DMode":false,"pivot":{"x":-0.06522250175476074,"y":0.5008135437965393,"z":-0.04185494780540466},"rotation":{"x":0.0009942608885467053,"y":-0.9963406324386597,"z":0.08470257371664047,"w":0.011694668792188168},"size":0.8150913715362549,"orthographic":false}